Designator,Mid X,Mid Y,Rotation,Layer
C1,111.43,-77.64,270.0,top
C10,181.74,-91.29,180.0,top
C11,140.45,-104.7,270.0,bottom
C12,143.75,-109.15,0.0,top
C13,120.64,-100.71,270.0,bottom
C14,161.35,-103.48,270.0,bottom
C15,120.59,-106.78,270.0,bottom
C16,161.15,-108.05,270.0,bottom
C17,140.47,-101.36442,270.0,top
C18,140.505,-104.67,270.0,top
C19,113.3,-82.48,0.0,bottom
C2,105.02,-77.64,270.0,top
C20,140.43,-111.04,90.0,bottom
C21,129.895,-101.86,270.0,bottom
C22,140.4,-107.9,270.0,bottom
C23,116.66,-86.79,270.0,bottom
C24,167.96,-99.88,90.0,bottom
C25,149.05,-108.85,0.0,bottom
C26,147.01,-106.6,180.0,top
C27,169.2,-108.075,90.0,bottom
C28,128.245,-105.628,90.0,bottom
C29,158.06,-80.25,0.0,bottom
C3,108.46,-77.61,270.0,bottom
C30,162.0869,-84.1,270.0,bottom
C31,189.484,-115.64,0.0,bottom
C32,174.65,-116.7,270.0,bottom
C33,162.2,-116.575,270.0,bottom
C34,174.41,-113.57,270.0,top
C35,172.25,-113.57,270.0,top
C36,176.521,-113.57,270.0,top
C37,186.52,-105.08,0.0,top
C38,89.96,-90.96,270.0,bottom
C39,93.265085,-90.96,270.0,bottom
C4,101.9,-77.61,270.0,bottom
C40,145.45,-108.85,180.0,bottom
C41,145.45,-110.45,180.0,bottom
C42,151.2,-104.05,90.0,bottom
C43,152.866667,-104.05,90.0,bottom
C44,154.533333,-104.05,90.0,bottom
C45,156.2,-104.05,90.0,bottom
C46,103.6,-91.54,90.0,bottom
C47,158.57,-115.6,0.0,bottom
C48,106.03,-90.82,180.0,bottom
C49,104.35,-89.2,0.0,bottom
C5,178.7,-77.64,270.0,top
C50,115.74,-103.01,90.0,bottom
C51,152.475,-109.75,0.0,bottom
C52,152.475,-108.15,180.0,bottom
C53,152.475,-106.55,180.0,bottom
C54,140.45,-101.125,90.0,bottom
C55,116.4,-113.1,0.0,bottom
C56,152.65,-99.55,180.0,bottom
C57,152.65,-101.2,180.0,bottom
C58,113.4,-77.15,270.0,bottom
C59,116.46,-114.77,0.0,bottom
C6,184.875,-77.64,270.0,top
C60,129.75,-112.0,180.0,bottom
C61,116.51,-77.7,270.0,top
C64,173.84,-78.05,270.0,bottom
C65,174.28,-77.49,270.0,top
C66,143.75,-107.58,0.0,top
C7,178.7,-77.7,270.0,bottom
C8,184.9,-77.68,270.0,bottom
C9,108.51,-91.27,0.0,top
D1,121.0625,-85.1,180.0,bottom
D10,163.83,-117.4,0.0,top
D11,90.87,-103.56,0.0,top
D12,196.49,-96.1,180.0,top
D13,116.67,-78.57,90.0,bottom
D14,159.4369,-76.0,90.0,bottom
D2,116.29,-92.67,180.0,bottom
D3,157.75,-92.55,180.0,bottom
D4,167.1869,-82.55,90.0,bottom
D5,190.496736,-110.4275,90.0,bottom
D6,185.46,-109.46,270.0,top
D7,93.74,-98.43,0.0,bottom
F1,97.6511,-75.07,0.0,top
F2,191.98,-75.23,180.0,top
J1,92.99,-83.8,270.0,top
J3,196.59,-83.8,270.0,top
J5,157.34,-117.71,270.0,top
J6,108.49,-113.95,180.0,top
J7,121.25,-115.63,180.0,top
L1_2,145.72,-69.39,0.0,top
L2_2,106.31283,-101.33,0.0,bottom
Q1,124.56,-73.325,90.0,top
Q2,124.53,-90.7,90.0,top
Q3,167.015,-73.295,90.0,top
Q4,167.015,-90.67,90.0,top
Q5,184.696736,-111.7775,0.0,bottom
Q6,90.8,-106.1625,270.0,bottom
Q7,198.01,-98.7125,270.0,bottom
Q8,179.66,-108.11,180.0,top
R1,128.82,-106.83,0.0,top
R10,143.8,-110.72,0.0,top
R11,116.85,-100.1,0.0,top
R12,161.9,-91.7,270.0,bottom
R13,94.44,-98.38,180.0,top
R14,183.43,-100.82,0.0,top
R15,138.79,-101.41,270.0,top
R16,118.995,-100.753,90.0,bottom
R17,125.245,-97.803,90.0,bottom
R18,166.31,-99.83,90.0,bottom
R19,159.69,-103.53,90.0,bottom
R2,158.62,-105.5,270.0,top
R20,138.77,-104.72,270.0,top
R21,123.595,-97.803,90.0,bottom
R22,164.66,-99.83,90.0,bottom
R23,138.85,-111.0,90.0,bottom
R24,138.83,-107.95,270.0,bottom
R25,128.245,-101.903,90.0,bottom
R26,169.61,-99.83,270.0,bottom
R28,147.005,-110.33,180.0,top
R29,159.51,-108.05,90.0,bottom
R3,121.95,-79.17,180.0,bottom
R30,124.22,-108.378,180.0,bottom
R31,96.04,-85.69,90.0,bottom
R32,147.005,-108.73,0.0,top
R33,105.26,-93.14,90.0,bottom
R34,163.83,-115.44,0.0,top
R35,104.35,-87.61,0.0,bottom
R36,102.71,-86.01,0.0,bottom
R38,143.95,-113.7,270.0,bottom
R4,162.3869,-76.5,180.0,bottom
R40,155.445,-115.6,0.0,bottom
R45,138.74,-101.07,90.0,bottom
R46,116.35,-111.41,180.0,bottom
R47,116.4,-116.45,180.0,bottom
R48,126.575,-110.4,180.0,bottom
R49,94.15,-104.89,0.0,bottom
R5,120.32,-82.67,180.0,bottom
R50,192.86,-96.1,180.0,bottom
R51,126.575,-112.0,0.0,bottom
R52,93.975,-109.55,0.0,bottom
R53,194.51,-98.4,180.0,bottom
R54,90.8,-109.55,0.0,bottom
R55,194.51,-100.64,180.0,bottom
R56,146.2,-113.7,270.0,bottom
R57,148.55,-115.35,90.0,bottom
R6,117.04,-95.09,180.0,bottom
R7,156.85,-90.1,180.0,bottom
R8,164.7369,-83.2375,90.0,bottom
R9,138.8,-104.75,270.0,bottom
S1,128.27,-115.33,270.0,top
SW2_2,136.57,-115.1,90.0,top
SW3,142.57,-115.1,90.0,top
SW4,148.57,-115.1,90.0,top
U1,112.34,-86.38,0.0,bottom
U2,124.41,-103.69,270.0,bottom
U3,165.285,-106.112,270.0,bottom
U4,157.525,-83.75,0.0,bottom
U5,168.1,-114.3,0.0,bottom
U6,98.747915,-90.125,180.0,bottom
U7,146.1,-103.69,180.0,bottom
U8,179.690764,-113.1475,270.0,top
U9,184.7275,-106.74,90.0,bottom
